Question,Réponse
"Programmation pluriannuelle de l’énergie (PPE), stratégie nationale bas-carbone (SNBC) : de quoi s'agit-il ?","La loi de transition énergétique pour la croissance verte (LTECV) du 17 août 2015 a créé deux outils pour encadrer à moyen et long terme la politique de la France en matière d’énergie et de climat : la stratégie nationale bas-carbone (SNBC) qui définit la trajectoire de la France pour réduire ses émissions de gaz à effet de serre à l’horizon 2050. Elle donne des orientations pour mettre en œuvre la transition bas-carbone dans les grands secteurs d’activité (transport, logement, industrie, agriculture, énergie, déchets) et fixe des ""budgets carbone"", des plafonds d’émissions de gaz à effet de serre (GES) à ne pas dépasser par période de cinq ans.  Les PPE concernent la métropole continentale et les zones dites ""non interconnectées"" (ZNI), à savoir la Corse, la Réunion, la Guyane, la Martinique, la Guadeloupe, Wallis-et-Futuna et Saint-Pierre-et-Miquelon. La PPE de métropole continentale est élaborée par le gouvernement tandis que les PPE des ZNI sont co-élaborées avec les collectivités territoriales. Eclairage"
Pourquoi viser la neutralité carbone à l’horizon 2050 ?,"L’objectif de la neutralité carbone est de lutter contre le changement climatique. Il s'agit de trouver un équilibre entre les émissions de carbone liées aux activités humaines et la capacité des écosystèmes à absorber ce carbone par des puits naturels (forêts, sols agricoles...) ou par certains procédés industriels.  Avec la première Stratégie nationale bas-carbone, la France prévoyait de diviser par quatre ses émissions de gaz à effet de serre à l'horizon 2050 par rapport à 1990. L'action climatique française s’inscrit dans le cadre plus large de l’Union européenne, qui a adopté une feuille de route, le Pacte vert, pour atteindre la neutralité carbone en 2050 et la réduction de 55% de ses émissions de gaz à effet de serre d'ici à 2030. Eclairage"
Quels sont les objectifs de la stratégie sur l'énergie et le climat ?,"Dans le cadre de la consultation publique qui a été déjà organisée du 22 novembre au 22 décembre 2023 sur la stratégie française concernant l'énergie et le climat, le document publié par le ministère de la transition écologique rappelle les trois grands défis de la prochaine programmation pluriannuelle de l'énergie (PPE) pour la période 2024-2035 : réduire de 30% la consommation d’énergie en 2030 par rapport à 2012 et de 40% à 50% la consommation d'énergie en 2050 par rapport à 2021 ; sortir du charbon en 2027 (et des énergies fossiles en 2050) ; augmenter la production d’électricité bas-carbone de 10% en 2030 et de 55% en 2050 et doubler la production de chaleur bas-carbone d’ici 2035 par rapport à 2021. Cette troisième édition de la PPE n'envisage plus de fermeture de réacteurs nucléaires, contrairement à la précédente PPE. La nouvelle PPE prévoit une poursuite de l’exploitation des centrales nucléaires existantes au-delà de 50 ou 60 ans, dans l'objectif de produire 400 térawattheures (TWh) par an d'ici à 2030. Le gouvernement propose également de construire six nouveaux réacteurs (EPR2) avec une mise en service entre 2035 et 2042. Cette PPE accélère aussi le développement des énergies renouvelables, notamment en multipliant par deux le rythme de déploiement du photovoltaïque, du biogaz et des réseaux de chaleur d’ici 2030. La consommation finale énergétique de la France a diminué entre 2012 et 2019 d’environ 5%, puis plus rapidement depuis 2022. La PPE renouvelle la volonté gouvernementale d’accélérer le rythme global de réduction de consommation pour atteindre l’objectif du paquet législatif européen Fit for 55, décliné à travers une nouvelle directive relative à l’efficacité énergétique publiée le 20 septembre 2023. L’objectif est estimé pour la France à 1 209 TWh en 2030, ce qui correspond à une réduction de la consommation en énergie finale d’environ 30% par rapport à 2012. Parmi les autres objectifs, la PPE propose en particulier : l'accélération de la sortie des énergies fossiles par l’électrification des usages, conduisant à un niveau de production d’électricité décarbonée (révisé à la hausse) d'au moins 640 TWh en 2035, soit une augmentation de 22% par rapport à la production totale en 2021 ; le développement de la chaleur renouvelable (plus de 250 TWh en 2030, contre un objectif compris entre 219 et 247 TWh en 2028 dans la précédente PPE) et de récupération (20 TWh en 2030 contre un objectif compris entre 7,6 et 9,9 TWh dans les réseaux en 2028 dans la précédente PPE), correspondant à une multiplication par plus de deux du rythme de déploiement par rapport à aujourd’hui ; la mise en service de sept parcs éoliens en mer d'ici 2030. Consultation"
Quelles mesures contient la PPE pour accompagner la transition énergétique des ménages ?,"La nouvelle PPE vise à réduire la consommation d’énergies fossiles mais aussi à assurer une transition juste et durable. Parmi les mesures pour accompagner la transition énergétique des ménages, le document publié fin 2023 par le ministère de la transition écologique mentionne notamment que : en 2022, 5,8 millions de ménages étaient bénéficiaires du chèque énergie, pour un montant compris entre 48 et 277 euros. Plus de 82% l’ont utilisé. Les modalités d’évolution du chèque énergie après la suppression de la taxe d’habitation sont en cours d’étude ; le plan pour la rénovation énergétique des bâtiments. En 2022, 67% des projets financés par MaPrimeRénov’ (subvention à destination des particuliers pour financer les travaux de rénovation énergétique) concernent les ménages modestes et très modestes, sur un budget total de 3,1 milliards d'euros. Le gouvernement prévoit le renforcement du réseau de conseil France Rénov’ et le développement des ""accompagnateurs Rénov'"" ; deux réflexions sont à mener sur : la manière d'inciter les fournisseurs à une pratique d’approvisionnement prudente et de long terme, pour renforcer leur résilience à un choc de marché et contribuer au rapprochement des prix payés par les consommateurs avec les coûts de production. Questions-réponses"
Quels sont les objectifs de la dernière SNBC adoptée en 2020 ?,"Adoptée par décret en 2015, la Stratégie nationale bas-carbone définit les trois budgets carbone pour les périodes 2015-2018, 2019-2023 et 2024-2028.   La version révisée a été publiée en 2020. Cette version présente le quatrième budget carbone pour la période 2029-2033, mais revoit surtout à la hausse le deuxième budget 2019-2023 et le troisième budget 2024-2028. La SNBC actualisée pose les objectifs de réduction des émissions de gaz à effet de serre pour 2050 : transports : zéro émission (à l’exception du transport aérien domestique) ; bâtiment : zéro émission ; production d’énergie : zéro émission ; industrie : réduction de 81% des émissions de GES par rapport à 2015 ; La SNBC prévoit en outre l'augmentation des puits de carbone et fixe 45 orientations couvrant la gouvernance aux échelles nationale et territoriale, tous les secteurs d’activité et des sujets transversaux (empreinte carbone, investissements, aménagement du territoire, recherche et développement, éducation et formation). Consultation"
Qu’appelle-t-on bureau de vote ?,"Le bureau de vote désigne à la fois le local où s’effectuent les opérations électorales et l’autorité collégiale responsable du fonctionnement des opérations de vote, de dépouillement des bulletins et de décompte des voix."
Comment est constitué le bureau de vote ?,"Chaque bureau est composé :
d’un président, qui peut être le maire, l’un de ses adjoints, l’un des conseillers municipaux ou un électeur de la commune désigné par le maire. Le président assure la police à l’intérieur du bureau de vote. Pour éviter tout incident ou manœuvre violente tendant à perturber le scrutin, il dispose des autorités civiles et militaires, qui sont tenues d’exécuter ses ordres ;
au moins deux assesseurs, désignés par les différents candidats parmi les électeurs du département. Ils sont chargés notamment de faire signer les électeurs sur la liste d’émargement et d'estampiller la carte électorale ;
d’un secrétaire, choisi parmi les électeurs de la commune. Il rédige le procès-verbal.
Quels sont les différents intervenants dans un bureau de vote ?
Fiche thématique
17 mai 2019"
Le vote peut-il avoir lieu en l'absence d'assesseurs ?,"Si le jour du vote, le nombre d'assesseurs est inférieur à deux, des électeurs présents, sachant lire et écrire le français, sont désignés assesseurs selon l'ordre de priorité suivant : l'électeur le plus jeune, puis l'électeur le plus âgé (article R.44 du code électoral).
La fonction d'assesseur peut être confiée à des membres du conseil municipal dans l'ordre du tableau. La fonction d'assesseur est l'une des missions des conseilleurs municipaux. En conséquence, un conseiller municipal ne peut pas refuser, sauf excuse valable, d'être assesseur sous peine d'être démis d'office de ses fonctions par le tribunal administratif.
Devenir assesseur
Le recrutement d'assesseurs pouvant s’avérer difficile, la plateforme publique du bénévolat JeVeuxAider.gouv.fr se mobilise. 
Pour les élections européennes de juin 2024 :
les mairies peuvent publier des missions pour trouver des assesseurs ; 
les citoyens peuvent s'engager à devenir assesseur en candidatant aux missions publiées sur la plateforme."
Combien de bureaux de vote par commune ?,"Les bureaux de vote sont institués par un arrêté préfectoral. Cet arrêté peut diviser chaque commune en autant de bureaux de vote que l’exigent les circonstances locales et le nombre d’électeurs. En pratique, à chaque bureau de vote est affecté un périmètre géographique. Pour assurer le bon déroulement des opérations électorales, il est généralement admis qu’un bureau de vote n’excède pas 800 à 1 000 électeurs."
L’électeur peut-il choisir son bureau de vote ?,"Les électeurs n’ont pas le choix de leur bureau de vote. Le rattachement d’un électeur à un bureau de vote dépend de l’adresse au titre de laquelle il est inscrit sur la liste électorale. 
L’inscription sur les listes électorales est, en effet, faite soit au titre du domicile ou du lieu de résidence, soit au titre de l’inscription au rôle d’une des contributions directes communales. Il est également possible de s’inscrire dans une commune en tant que gérant d’une société figurant au rôle des contributions de la commune depuis au moins deux ans. Les jeunes de moins de 26 ans peuvent s’inscrire sur les listes électorales de la commune où résident ou sont domiciliés leurs parents. Les listes électorales sont établies par commune. Un arrêté du préfet de département définit dans chaque commune le périmètre géographique et l’adresse des bureaux de vote. En application de cet arrêté, la commune affecte ses électeurs dans les bureaux de vote en fonction de leur adresse de rattachement."
Quelles sont les heures d’ouverture et de clôture du scrutin ?,"Le scrutin est ouvert à 8 heures, il est clos à 18 heures (pour l'élection présidentielle, il est clos à 19 heures). L'heure d'ouverture peut être avancée et l'heure de clôture retardée (jusqu'à 20 heures) par arrêté préfectoral."
Comment est agencé un bureau de vote ?,"On trouve dans le bureau de vote :
une table de décharge où sont déposés les bulletins de vote et les enveloppes ;
une table de vote à laquelle prennent place les personnes chargées d’assurer le bon déroulement du vote ;
un ou plusieurs isoloirs ;
les tables de dépouillement dont le nombre ne peut être supérieur au nombre d’isoloir ;
les affiches reproduisant les dispositions du code électoral.
Sur la table de vote, sont notamment disposés :
l’urne, transparente, munie de deux serrures ou cadenas dissemblables ;
le procès-verbal des opérations électorales en double exemplaire du modèle fourni par la préfecture ;
la liste d'émargement qui est la copie de la liste électorale et qui sert à recueillir les émargements (signatures) des électeurs ;
le code électoral à jour, qui peut être numérique ;
l'arrêté ou le décret de convocation des électeurs ;
le cas échéant, l'arrêté du représentant de l'État ayant divisé la commune en plusieurs bureaux de vote ;
les cartes électorales qui n’ont pas été remises au domicile des électeurs ;
la circulaire ministérielle du 16 janvier 2020 relative au déroulement des opérations électorales lors des élections au suffrage universel direct ;
la circulaire ministérielle relative à l’organisation du scrutin du jour ;
l’extrait du registre des procurations ;
la liste des candidats ;
la liste des membres du bureau de vote.
Présidentielle 2022 : le protocole sanitaire pour les opérations de vote
En bref
1er avril 2022"
Comment sont vérifiés le droit à voter et l’identité des électeurs ?,"Le défaut de présentation de la carte électorale ne fait pas obstacle à l’exercice du droit de vote si l’électeur est inscrit sur la liste électorale d’émargement ou est porteur d’une décision de justice d’inscription et qu’il justifie de son identité.
En application de l'article R60 du code électoral :
les électeurs des communes de moins de 1 000 habitants ne sont pas tenus de présenter un titre d’identité ;
les électeurs des communes de 1 000 habitants et plus doivent présenter un des titres d’identité dont la liste a été fixée par un arrêté du 16 novembre 2018.
Liste des pièces permettant de justifier son identité au moment du vote
Carte nationale d'identité ;
Passeport ;
Carte d'identité de parlementaire avec photographie, délivrée par le président d'une assemblée parlementaire ;
Carte d'identité d'élu local avec photographie, délivrée par le représentant de l'État ;
Carte vitale avec photographie ;
Carte du combattant avec photographie, délivrée par l'Office national des anciens combattants et victimes de guerre ;
Carte d'invalidité ou carte de mobilité inclusion avec photographie ;
Carte d'identité de fonctionnaire de l'Etat avec photographie ;
Carte d'identité ou carte de circulation avec photographie, délivrée par les autorités militaires ;
Permis de conduire sécurisé conforme au format ""Union européenne"" (le permis de conduire cartonné reste accepté jusqu'en 2033) ;
Permis de chasser avec photographie, délivré par l'Office national de la chasse et de la faune sauvage ;
Récépissé valant justification de l'identité, délivré en échange des pièces d'identité en cas de contrôle judiciaire
Tous ces titres doivent être en cours de validité sauf la CNI et le passeport qui peuvent être présentés en cours de validité ou périmés depuis moins de cinq ans.
Pour les ressortissants de l'Union européenne qui peuvent voter aux élections municipales et aux élections européennes, s'ajoutent à la liste des titres admis la carte d'identité ou le passeport délivré par l'État d'origine et le titre de séjour."
Existe-t-il des contraintes vestimentaires dans le bureau de vote ?,"Il n’existe pas de limite à la liberté vestimentaire des électeurs, dans le respect habituel des bonnes mœurs. La tenue portée ne doit toutefois pas faire obstacle au contrôle de l’identité de l’électeur."
Quelles sont les mesures pour permettre le vote des personnes handicapées ?,"La loi du 23 mars 2019 de programmation 2018-2022 et de réforme pour la justice a abrogé l’article L. 5 du code électoral. Les personnes en tutelle peuvent dorénavant exercer leur droit de vote de manière inconditionnelle.
Le code électoral autorise ""tout électeur atteint d'infirmité certaine et le mettant dans l'impossibilité d'introduire son bulletin dans l'enveloppe"" à se faire accompagner par un électeur de leur choix. L’électeur accompagnateur peut entrer dans l’isoloir. Il peut également introduire l’enveloppe dans l’urne. Si la personne ne peut pas signer, l’électeur accompagnateur signe la liste d’émargement avec la mention “l’électeur ne peut signer lui-même”.
Pour rendre accessibles les techniques de vote à toutes les personnes handicapées, le président du bureau de vote prend toute mesure afin de faciliter le vote autonome des personnes handicapées. Il peut notamment autoriser l’abaissement de l’urne."
Comment se déroule le vote d’un électeur ?,"L’électeur se présente au bureau de vote indiqué sur sa carte électorale qu'il peut également retrouver en interrogeant sa situation électorale. Son inscription sur la liste électorale du bureau et son identité sont vérifiées.
L'électeur prend une enveloppe électorale. La circulaire du 16 janvier 2020 précise qu'il prend ensuite un bulletin de vote d’au moins deux candidats (ou listes de candidats) ou aucun dans le cas où il utilise ceux qui lui ont été envoyés à son domicile. Pour garantir le secret du vote, l'électeur se rend obligatoirement dans l'isoloir. Si un électeur refuse d'entrer dans l'isoloir, le président du bureau de vote lui signifie les sanctions encourues (jusqu'à 15 000 euros d'amende et un an d'emprisonnement) et peut refuser son vote. À la sortie de l’isoloir et sans quitter la salle du scrutin, l'électeur introduit lui-même l’enveloppe dans l’urne.
Dans les bureaux de vote dotés d’une machine à voter, l’électeur fait enregistrer son suffrage par la machine à voter.
L’électeur signe ensuite la liste d’émargement. Sa carte électorale est estampillée, dans le cas où l’électeur l’a présentée (elle n’est pas obligatoire pour voter).
Comment se déroulent les opérations de vote ?
Fiche thématique
12 mars 2021"
Que sont les délégués des candidats ?,"Chaque candidat ou liste de candidats a le droit d’exiger la présence permanente dans chaque bureau de vote d’un délégué habilité à contrôler toutes les opérations de vote, de dépouillement des bulletins et de décompte des voix. Le délégué peut exiger l’inscription au procès-verbal de toute observation ou réclamation relative à ces opérations, avant ou après la proclamation des résultats du scrutin. Un même délégué peut être désigné pour plusieurs bureaux de votes."
Que sont les scrutateurs ?,"Les scrutateurs effectuent le dépouillement des votes. Ils font partie des électeurs de la commune présents sachant lire et écrire. Ils peuvent être désignés par chacun des candidats ou des représentants de listes en présence ou chacun des délégués des candidats. Leur nom, prénom et date de naissance sont communiqués au président du bureau au moins une heure avant la clôture du scrutin."
En quoi consistent les opérations de dépouillement des votes ?,"Il s’agit de l’ensemble des opérations permettant d’établir les résultats du scrutin. Il est procédé au dépouillement des votes dès que le président du bureau de vote a prononcé la clôture du scrutin. Le dépouillement se fait en présence des délégués des candidats sans interruption jusqu'à son achèvement. Il est opéré par les scrutateurs sous la surveillance des membres du bureau de vote. Les électeurs peuvent y assister.
Dans les bureaux de vote dotés d’une machine à voter, le président du bureau de vote, à la fin des opérations de vote, rend visibles les compteurs totalisant les suffrages obtenus par chaque liste ou chaque candidat ainsi que les votes blancs, de manière à en permettre la lecture par les membres du bureau, les délégués des candidats et les électeurs présents. Le président donne lecture à haute voix des résultats qui sont aussitôt enregistrés par le secrétaire.
En quoi consiste le dépouillement des bulletins de vote ?
Fiche thématique
17 mai 2019"
Qu’est-ce que le vote blanc ?,"Le vote blanc consiste, pour un électeur, à glisser un bulletin vierge ou pas de bulletin du tout dans l’enveloppe qu’il dépose ensuite dans l’urne.
La distribution de bulletins blancs dans les bureaux de vote n’est pas autorisée par le code électoral.
Depuis le 1er avril 2014, et conformément à la loi du 21 février 2014 visant à reconnaître le vote blanc aux élections, les votes blancs sont décomptés séparément des votes nuls, et annexés en tant que tels au procès-verbal. Le nombre de votes blancs est mentionné dans les résultats du scrutin. Néanmoins, les votes blancs continuent à ne pas être comptabilisés dans les suffrages exprimés.
Avant le 1er avril 2014, le code électoral n’établissait pas de distinction entre vote blanc et vote nul (bulletins ou enveloppes déchirés, annotés, etc.)."
Quels bulletins de vote sont déclarés nuls ?,"Les bulletins de vote tenus pour nuls ne sont pas comptés comme suffrages exprimés. Le bureau se prononce sur la validité des bulletins et des enveloppes contestés remis par les scrutateurs. Il lui appartient seul de décider si un bulletin ou une enveloppe doit être considéré comme nul.
Sont déclarés nuls, pour toutes les élections :
des bulletins trouvés dans l’urne sans enveloppe ou dans des enveloppes non réglementaires ;
les bulletins ne contenant pas une désignation suffisante ;
les bulletins écrits sur du papier de couleur ;
les bulletins et enveloppes sur lesquels les votants se sont fait connaître ;
les bulletins ou enveloppes portants des signes intérieurs ou extérieurs de reconnaissance ou des mentions injurieuses, etc.
Sont aussi déclarés nuls pour toutes les élections, sauf pour les élections municipales dans les communes de moins de 1 000 habitants :
les bulletins ne répondant pas aux prescriptions légales ou réglementaires édictées pour chaque catégorie d’élections ;
les bulletins comportant un ou plusieurs noms autres que celui du ou des candidats ou de leurs remplaçants éventuels ;
les bulletins comportant une modification de l’ordre de présentation des candidats ou une mention manuscrite ;
les bulletins manuscrits lors des scrutins de liste ;
les bulletins établis au nom d’un candidat, d’un binôme de candidats ou d’une liste dont la candidature n’a pas été enregistrée ;
les circulaires utilisées comme bulletin ;
les bulletins imprimés d’un modèle différent de ceux qui ont été produits par les candidats ou qui comportent une mention manuscrite ;
les bulletins pour des listes ou candidats différents contenus dans une même enveloppe (en revanche, si une enveloppe contient deux bulletins pour le même candidat, le vote est comptabilisé mais il ne compte que pour un seul).
Vote blanc ou vote nul, quelles différences ?
Infographie
16 mai 2019"
Comment est déterminé le nombre de suffrages exprimés ?,"Le nombre de suffrages exprimés correspond au nombre de votants (les électeurs inscrits sur les listes électorales moins les abstentionnistes) qui n’ont fait ni un vote blanc (enveloppe vide ou bulletin vierge), ni un vote nul (bulletins ou enveloppes annotés, déchirés, etc.).
Vote blanc, vote nul : quelles différences ?
Fiche thématique
20 juin 2022"
Comment est établi le procès-verbal ?,"Le procès-verbal des opérations électorales est rédigé par le secrétaire, en présence des électeurs, sur des imprimés fournis par la préfecture pour chaque élection. Il comporte notamment le nombre d’électeurs inscrits, le nombre des émargements, le nombre de votants, de suffrages exprimés, de suffrages recueillis par chaque candidat ou chaque liste, le nombre d’électeurs n’ayant pas retiré leur carte électorale au bureau de vote, toute réclamation des électeurs ou des délégués des candidats, ainsi que les décisions motivées prises par le bureau de vote sur les différents incidents qui se sont produits.
Le procès-verbal est établi en deux exemplaires signés par tous les membres du bureau."
Quand et comment sont proclamés les résultats ?,"Une fois le procès-verbal établi, le résultat est proclamé en public par le président du bureau et affiché par ses soins dans la salle de vote, avec les indications suivantes :
le nombre d’électeurs inscrits ;
le nombre de votants (enveloppes et bulletins sans enveloppe trouvés dans l'urne) ;
le nombre de bulletins et enveloppes déclarés nuls ;
le nombre de votes blancs ;
le nombre de suffrages exprimés ;
le nombre de suffrages recueillis par chacun des candidats ou listes."
À qui est transmis le procès-verbal ?,"Un exemplaire est adressé au représentant de l’État, un autre exemplaire est déposé en mairie. S’agissant de ce second exemplaire, il doit être communiqué à tout électeur requérant jusqu’à l’expiration des délais prévus pour l’exercice des recours contre l’élection."
Que doit faire le président du bureau en cas de fraude électorale ?,"On peut distinguer deux cas de figures :
si le président du bureau de vote a connaissance, pendant les opérations de vote, de tentatives de fraude électorale (exemple : essais de “bourrages” d’urne devant lui) ou de fraudes avérées, il dispose de moyens pour les faire cesser immédiatement. En effet, ayant en charge la police au sein du bureau de vote, il dispose des forces armées et de la police ;
si des fraudes se déroulent à l’abri du regard du président du bureau de vote et lui sont rapportées par d’autres membres du bureau ou par des électeurs, il appartient au président du bureau de signaler ces faits dans le procès-verbal des opérations de vote afin qu’ils apparaissent de manière officielle. Cela permet à toute personne intéressée de saisir le juge et à ce dernier de vérifier les allégations des parties.
Que doit faire le président du bureau de vote s’il constate une fraude électorale ?
Fiche thématique
17 mai 2019"
Les opérations de vote sont-elles contrôlées ?,"Pour l'élection présidentielle, des délégués désignés par le Conseil constitutionnel ont pour mission de vérifier la régularité des opérations de vote, du dépouillement des bulletins et du dénombrement des suffrages. Pour exercer ce contrôle, les délégués ont accès à tout moment aux bureaux de vote.
Pour les autres élections, une commission de contrôle des opérations de vote est instituée dans chaque commune de plus de 20 000 habitants, elle est présidée par un magistrat de l’ordre judiciaire. Elle est chargée de vérifier la régularité de la composition des bureaux de vote ainsi que celle des opérations de vote, de dépouillement des bulletins et de dénombrement des suffrages.
Elle n’intervient pas dans l’organisation et le déroulement du scrutin. Il lui revient de veiller au respect des dispositions du code électoral. Pour assurer ses missions, elle peut désigner un ou plusieurs délégués par bureau de vote afin de procéder à tout contrôle et vérification utiles. Le président de la commission peut à tout moment saisir le procureur de la République de toute infraction, irrégularité ou fraude constatée par les membres ou délégués des commissions."
"Est-il licite de consulter la liste d’émargement pour inciter les électeurs à venir voter, pendant le déroulement du scrutin ?","La liste d’émargement (c’est-à-dire une copie de la liste électorale, certifiée par le maire, et comportant les nom et prénoms, date et lieu de naissance, domicile des électeurs, ainsi que le numéro d’ordre qui est attribué à chacun) reste déposée sur la table de vote pendant toute la durée des opérations électorales.
La liste d’émargement est communiquée par la préfecture à tout électeur qui en fait la demande dans un délai de dix jours suivant l’élection.
Aucune disposition législative n’interdit les initiatives de nature à inciter les électeurs à voter, jusque et y compris durant la journée du scrutin. De telles initiatives ne sont pas condamnables en soi, mais elles le deviennent dès lors que les renseignements nominatifs recueillis au cours du déroulement du scrutin sont utilisés de façon préférentielle et constituent alors une forme de pression susceptible d’affecter le résultat, comme l’a souligné la jurisprudence du Conseil d’État (CE, 2 février 1990, élections municipales de Clichy-sous-Bois ; CE, 9 mars 1990, élections municipales de Grand-Couronne), a fortiori en cas de faible écart de voix entre les listes ou les candidats concurrents (CE, 4 mai 2018, élections municipales de Lamorlaye)."
Quels sont les objectifs et les moyens de la politique étrangère et de sécurité commune (PESC) ?,"Les objectifs de la PESC, tels que définis à l'article 21 du traité sur l’Union européenne (TUE), sont :
le maintien de la paix et le renforcement de la sécurité internationale ; 
la promotion de la coopération internationale avec les États tiers ;
le développement et la consolidation de la démocratie et de l’État de droit ; 
le respect des droits de l’homme et des libertés fondamentales.
Les actes adoptés dans le domaine de la PESC sont soumis à des règles qui prévoient une prise de décision à l’unanimité au sein du Conseil. La PESC est une politique intergouvernementale. Elle se caractérise par une série de procédures spéciales excluant les prérogatives de la Cour de justice de l'UE (CJUE) comme le précise l'article 24 du TUE. Par ailleurs, malgré son rôle limité dans le processus décisionnel de la politique étrangère, le Parlement européen soutient le concept de la PESC et cherche à en étendre la portée.
Le traité de Lisbonne, entré en vigueur le 1er décembre 2009, a créé de nouveaux acteurs de la PESC, notamment :
le Haut Représentant de l’Union pour les affaires étrangères et la politique de sécurité ;
le Service européen pour l’action extérieure (SEAE).
Le traité a également renforcé la politique de sécurité et de défense commune (PSDC), qui fait partie intégrante de la PESC. "
"Méthode communautaire, méthode intergouvernementale, de quoi s'agit-il ?","Les processus décisionnels de l’Union européenne (UE) varient selon les domaines politiques. En général, les décisions de l’UE sont prises au moyen de la ""méthode communautaire"", impliquant le recours à la procédure législative ordinaire, telle que définie dans l’article 294 du traité sur le fonctionnement de l’Union européenne (TFUE).
La ""méthode communautaire"" se caractérise par la répartition suivante des rôles entre institutions supranationales de l’UE :
le droit de la Commission européenne à initier et à exécuter des lois, à quelques exceptions près ; 
le Parlement européen et le Conseil de l’Union européenne en tant que colégislateurs adoptant la législation sur un pied d’égalité ; 
le recours au vote à la majorité qualifiée au Conseil européen.
La méthode intergouvernementale est utilisée dans le processus décisionnel, principalement en ce qui concerne la PESC et certains aspects de la coopération policière et judiciaire. Cette méthode se caractérise par les éléments suivants :
 le droit d’initiative de la Commission est partagé avec les États membres de l’UE ou est limité à certains domaines spécifiques ;
 le Conseil européen joue souvent un rôle clé ;
 le Parlement européen est impliqué dans le processus de prise de décision à des degrés variables ;
le Conseil agit de façon unanime et adopte les textes de lois.
L’UE est à la fois un projet politique et une Forme d’organisation juridique supranationale fondée sur le traité de l’Union européenne (TUE) et le traité sur le fonctionnement de l’UE (TFUE). En adhérant à l’Union européenne, les États membres ont accepté de transférer certaines de leurs compétences dans une série de domaines aux institutions européennes. Les États membres transmettent ces compétences à l’UE en vue d’atteindre leurs objectifs communs. L'UE a des compétences de législateur et ses lois priment sur les lois nationales."
Qu'est-ce que la règle de l'unanimité au sein de l'UE ?,"En matière de PESC, la méthode intergouvernementale est davantage de mise. 
Les décisions concernant la politique étrangère requièrent ainsi l’unanimité des chefs d’États et de gouvernements des 27 États membres. Dès lors, l’organe de décision suprême de l’UE est le Conseil européen, qui réunit les chefs d’État et de gouvernement des pays de l’UE. La règle de vote à l'unanimité, système qui régit la PESC, accorde de fait aux gouvernements un ""droit de veto""."
Existe-t-il des exceptions au vote à l'unanimité ?,"Le traité sur l'UE a ouvert la voie à l'approbation de certaines décisions à la majorité qualifiée. L'article 31 TUE prévoit trois possibilités :
l'abstention constructive. Lorsqu'un État membre n'est pas d'accord avec une action commune, il choisit de s'abstenir plutôt que de mettre son veto. L'action est alors approuvée et l'État membre, dans un ""esprit de solidarité mutuelle"", s'engage à ne pas interférer ;
la dérogation spéciale. Les États membres peuvent voter à la majorité qualifiée pour adopter une décision qui définit une action ou une position commune, mais seulement si la décision découle d'un mandat donné par le Conseil européen ou d'une proposition présentée par le chef de la diplomatie de l’UE ;
la clause passerelle. Le Conseil européen adopte une décision qui permet aux États membres d'agir à la majorité qualifiée dans des cas spécifiques de politique étrangère.
Bien que ces trois solutions représentent un ajout au mode de fonctionnement de l'UE, leur mise en œuvre est très limitée. Par exemple, lors du Conseil européen du 15 et 16 décembre 2023, les États ont voté en faveur de l'ouverture des négociations d'adhésion avec l'Ukraine, à l'exception de la Hongrie qui s'est abstenue. "
Vers la modification du mode de vote sur les questions de politique étrangère et de défense ?,"Les conflits armés en ex-Yougoslavie dans les années 1990 ont contribué à l’élaboration de la PESC dans le traité de Maastricht, entré en vigueur le 1er novembre 1993. La guerre déclenchée par la Russie le 24 février 2022 contre l'Ukraine peut également marquer une nouvelle ère pour cette politique. L'UE a, depuis lors, adopté des mesures en faveur de l'Ukraine qui auraient difficilement été envisageables auparavant.
Pour donner une réelle capacité d'initiative à la PESC, il est nécessaire d'une part d'encourager la concertation entre les États membres le plus en amont possible, d'autre part, d'empêcher que la capacité d'action de l'UE ne soit systématiquement bloquée par l'opposition d'un État membre. 
Les situations de blocage lors de votes clés ne sont pas nouvelles. Certains gouvernements ont utilisé le ""droit de veto"" comme moyen de pression dans le contexte de la guerre russe contre l'Ukraine. La capacité à agir rapidement est cependant déterminante dans le rôle que l'UE veut jouer en tant qu’acteur de la politique étrangère.
Unanimité ou majorité qualifiée ?
Le débat unanimité contre majorité qualifiée n'est pas nouveau et son intensité a varié en fonction des contextes internationaux.
Un groupe de neuf États membres de l’UE dont la France, a lancé le 4 mai 2023 une initiative pour réformer l’approche de l’UE. Au lieu de l’unanimité, le groupe préconise la mise en place du recours au vote à la majorité qualifiée sur les questions clés de politique étrangère et de défense. Cette modalité de vote nécessiterait l’accord de 15 des 27 États membres (55% des pays de l'UE), à condition qu’ils représentent plus de 65% des 450 millions de citoyens de l’UE (article 16 paragraphe 4 du TUE).
Les défenseurs de l'unanimité affirment toutefois que le vote à l'unanimité renforce la légitimité démocratique, consolide l'unité, améliore la mise en œuvre des décisions et offre aux petits États un bouclier contre les exigences des plus grands pays. Ses détracteurs soutiennent quant à eux que celle-ci entrave la prise de décision."
Qui finance la protection de l’environnement ?,"Selon le bilan environnemental de la France pour 2023, le financement de la protection de l’environnement repose principalement sur trois acteurs :
les administrations publiques à hauteur de 36%, soit 21,6 milliards d’euros (Md€) ;
les entreprises à hauteur de 34%, soit 20,3 Md€ ;
les ménages à hauteur de 29% soit 17,2 Md€.
L’Europe fournit le 1% restant. "
Quelle est la part des dépenses environnementales dans le PIB et dans quels domaines sont concentrées les dépenses ?,"La part des dépenses de protection de l’environnement dans le produit intérieur brut (PIB) progresse légèrement entre 2000 et 2020 (2,3% du PIB en 2020 contre 2,0% en 2000). Elle continue de progresser depuis 2020 mais à un rythme moins soutenu, de l’ordre de 1,6% du PIB. La France se classe au 12erang européen en matière de dépenses environnementales rapportées au PIB.
Les domaines de la gestion des déchets (19,6 Md€) et des eaux usées (14,1 Md€) concentrent à eux seuls 56% des financements. Les autres dépenses concernent :
les actions de protection de l’air extérieur (7,8 Md€) ;
les dépenses de recherche et développement pour l’environnement (4,2 Md€) ;
la protection de la biodiversité et des paysages (3,3 Md€) ;
la protection et dépollution des sols et des eaux (2,4 Md€) ;
la lutte contre le bruit (2,4 Md€) ;
la gestion des déchets radioactifs (0,7 Md€) ;
enfin 5,5 Md€ sont consacrés aux activités transversales de protection de l’environnement (frais de fonctionnement de l’administration publique et des opérateurs chargés des questions environnementales notamment)."
Qu'en est-il de la ressource en eau en France ?,"Les prélèvements d’eau douce diminuent depuis une vingtaine d’années, hormis ceux pour l’agriculture qui restent stables en moyenne. L’agriculture est la première activité consommatrice d’eau avec 58% du total, devant l’eau potable (26 %), le refroidissement des centrales électriques (12%), et les usages industriels (4%).
Contrastant avec l’année 2019, l’année 2020 se situe au 4e rang des années les mieux pourvues en eau sur la période 1990-2020, au même niveau que les années pluvieuses 2013 et 2014. Si des pénuries ponctuelles et géographiquement ciblées existent sur les périodes estivales, la France ne connaît pas actuellement de déficit chronique à l’échelle nationale.
Concernant la pollution des eaux, en 2022, 43,6% (contre 41,4% en 2010) des masses d’eau superficielle françaises affichaient un bon ou très bon état écologique. 67,9% des masses d’eau superficielle et souterraine présentaient un bon état chimique (contre respectivement 51,2% et 58,9% en 2010).
Les nitrates et les pesticides restent les produits les plus détectés dans les eaux souterraines. Entre 2000 et 2020, les teneurs en nitrates sont en légère augmentation (8%) dans les eaux de surface. De fortes disparités territoriales existent : la moitié nord (bassins Loire-Bretagne, Rhin-Meuse, Artois-Picardie et Seine-Normandie) de l’hexagone est plus exposée que la moitié sud.  
Qualité de l'eau potable : comment est-elle assurée ?
Parole d'expert
Par Julie Mendret et Thierry Pichard
5 février 2024"
Quelle est la qualité de l'air en France ?,"La qualité de l'air s'améliore sur le territoire. La qualité de l’air est suivie en différents points du territoire français, majoritairement dans les villes où s’observent les plus fortes concentrations de polluants. Elle s'améliore depuis quelques années. Les concentrations moyennes annuelles en dioxyde de soufre, dioxyde d’azote, PM10 et PM2,5 ont baissé. Seul l'ozone est en hausse.
L’exposition aux particules fines de diamètre inférieur ou égal à 2,5 µm (microgramme) (PM2,5) serait responsable de 7% de la mortalité totale de la population soit près de 40 000 décès par an. En 2021, les moyens financiers mobilisés pour la protection de la qualité de l’air extérieur sont évalués à 7,8 milliards d’euros. Les entreprises sont les premières contributrices. Elles prennent en charge 54% de la dépense globale, contre 26% pour l’Etat et 20% pour les ménages.
Restrictions de circulation : Marseille, Rouen et Strasbourg en territoires de vigilance sur la qualité de l'air en 2025
En bref
21 mars 2024"
Quel est l'état des sols ?,"En octobre 2023, 10 440 sites et sols pollués (ou potentiellement pollués) appelant une action des pouvoirs publics sont recensés en France. 
En France hexagonale, le sol des zones de culture ou d’élevage intensifs renferme des taux élevés de lindane (insecticide ou antiparasitaire), alors que cette substance est interdite depuis 1998. La pollution chronique du sol des bananeraies et la contamination des écosystèmes naturels par la chlordécone, insecticide interdit de vente depuis 1993 dans les Antilles françaises, affectent encore 25% de la surface agricole utilisée (SAU) en Guadeloupe et 40% en Martinique, en raison de sa persistance dans le sol, exposant la population par l’ingestion d’eau ou d’aliments contaminés.  
Les pesticides en huit questions
Questions-réponses
21 février 2024"
Qu'en est-il de l'érosion côtière ?,"Le littoral est exposé, à l’érosion côtière. Sur les 50 dernières années, environ 30 km² de terres ont été perdus. Les départements de Charente-Maritime, de la Gironde et des Bouches-du-Rhône (Camargue) représentent, à eux seuls, plus de la moitié des surfaces perdues.
En 2022, les 841 communes littorales (hors estuaire) regroupent près de 6,4 millions d’habitants et couvrent 4% du territoire métropolitain. Avec 281 habitants par km², la densité moyenne de la population y est 2,4 fois plus importante que la moyenne métropolitaine. Toutefois, le bilan fait état d’un report progressif de la population dans l’arrière-pays, du fait, entre autres, du coût élevé de l’immobilier en bord de mer. Les communes littorales disposent de plus de 8,4 millions de lits touristiques.
Littoraux : une adaptation nécessaire au changement climatique
Eclairage
8 avril 2024"
Comment la biodiversité a-t-elle évolué ?,"Globalement, en 2023, 16% des espèces évaluées dans la liste rouge nationale sont éteintes ou menacées. Le bilan attribue cette perte de biodiversité à la dégradation des milieux naturels. Par exemple, entre 1989 et 2021, les populations d’oiseaux communs spécialistes des milieux agricoles ont baissé de 36%, celles des milieux bâtis de 33% et des milieux forestiers de 2%. La population des chauves-souris les plus communes a diminué de 43% entre 2006 et 2021. 
L’acidification des océans produit des effets néfastes sur les coraux. les territoires des Antilles françaises (Guadeloupe, Martinique, Saint-Barthélemy, Saint-Martin) et de l’océan Indien (Mayotte, La Réunion), aux superficies plus réduites, abritaient des coraux considérés dans un état dégradé dans 62% des stations en 2020. Les récifs des territoires du Pacifique (Nouvelle-Calédonie, Wallis et Futuna, Polynésie française et Clipperton) et les îles Éparses sont dégradés à 30%.
En mars 2023, la France hexagonale compte 6 043 espaces protégés articulés autour de 17 outils de protections terrestres (tels que les parcs nationaux). En 2023, ces dispositifs couvrent 8 743 km².
COP15 biodiversité : l'accord de Montréal pour protéger 30% de la planète d'ici à 2030

En bref
20 décembre 2022"
La France est-elle particulièrement touchée par les catastrophes naturelles ?,"Entre 1982 et 2022, chaque année, près de 6 000 communes en moyenne font l’objet d’une reconnaissance d’état de catastrophe naturelle, pour un coût d'indemnisation global de près de 50 milliards d'euros sur la période. Les inondations (49%) et la sécheresse (42%) représentent 91% du nombre de ces catastrophes. 
Selon le bilan établit par le ministère, la France est le pays d'Europe qui a connu les plus de catastrophe naturelles depuis 1900, soit 188 catastrophes, contre 171 pour l'Italie, 109 pour l'Espagne et 106 pour l'Allemagne.
Le risque retrait-gonflement des argiles, concerne quant à lui un nombre important de communes et d'habitations individuelles, particulièrement touchées du fait de leurs fondations superficielles. Ce problème touche un peu plus de 9 700 communes (soit 27% des communes françaises). Les maisons individuelles y sont particulièrement vulnérables en raison de leurs fondations superficielles : 10,4 millions de maisons individuelles sont construites dans ces zones d’exposition forte ou moyenne (soit 54% de l’habitat individuel), dont 44% ont été bâties après 1976.
S'agissant des tsunamis, 9,5% de la population antillaise est exposée, soit 39 700 personnes vivant à moins de 500 mètres de la mer dans les secteurs les plus exposés en Guadeloupe et 36 600 en Martinique. 
Risques environnementaux : comment sont-ils perçus en France ?
En bref
11 janvier 2024"
Quelle est l'efficacité énergétique de la France ?,"L’intensité énergétique, qui mesure le rapport de la consommation énergétique finale au produit intérieur brut, diminue de manière quasiment continue depuis 20 ans, à un rythme annuel moyen de 1,6%. La France améliore donc globalement son efficacité énergétique. La consommation finale énergétique, diminue de 0,7% en 2022, après un rebond post-crise sanitaire (+4% en 2021), alors que l’activité poursuit sa croissance (+6,4% en 2021, +2,5% en 2022).
Bilan électrique 2023 : la France première exportatrice d'électricité en Europe
En bref
15 février 2024"
Où en est-on sur le développement des énergies renouvelables ?,"La part des énergies renouvelables dans la consommation finale d’électricité augmente depuis dix ans. En 2022, ces énergies représentent 20,7% de la consommation finale, soit 7% de plus qu’en 2011. Cela s’explique à la fois par les incitations publiques au développement mais aussi par la baisse de la consommation finale brute d’énergie. Globalement, 350 Térawatts/heure (TWh) d’énergies renouvelables ont été consommées (importations comprises) au total en France en 2022, soit 14% de la consommation primaire totale.
Les investissements en faveur des énergies renouvelables et de récupération ont enregistré une croissance en 2021, augmentant de 21% par rapport à 2020 pour atteindre un total de 14,4 milliards d’euros (Md€). 45% de ces investissements est concentré dans le secteur des pompes à chaleur.
L'éolien en France : des objectifs ambitieux mais non atteints
En bref
25 octobre 2023"
